{
  "pages": [
    {
      "width": 1229.0,
      "height": 1843.0,
      "items": [
        {
          "label": "Content",
          "confidence": 0.9685649275779724,
          "xy_xy": [
            152.1188201904297,
            464.84332275390625,
            1081.5650634765625,
            1681.47265625
          ]
        },
        {
          "label": "Title",
          "confidence": 0.8698529601097107,
          "xy_xy": [
            274.8103332519531,
            173.37646484375,
            952.266845703125,
            403.38580322265625
          ]
        }
      ]
    },
    {
      "width": 1229.0,
      "height": 1843.0,
      "items": [
        {
          "label": "Content",
          "confidence": 0.9435077905654907,
          "xy_xy": [
            142.8754119873047,
            165.78407287597656,
            1082.537841796875,
            808.8677368164062
          ]
        }
      ]
    }
  ]
}