{
  "pages": [
    {
      "width": 1654.0,
      "height": 2339.0,
      "items": [
        {
          "label": "Content",
          "confidence": 0.9099748730659485,
          "xy_xy": [
            176.4749755859375,
            322.1663818359375,
            1475.4580078125,
            2075.69482421875
          ]
        },
        {
          "label": "Headline",
          "confidence": 0.7653850317001343,
          "xy_xy": [
            189.4672393798828,
            1895.8018798828125,
            467.42303466796875,
            1943.3306884765625
          ]
        },
        {
          "label": "Content",
          "confidence": 0.5591022968292236,
          "xy_xy": [
            187.64915466308594,
            1960.760009765625,
            1470.05615234375,
            2088.281982421875
          ]
        }
      ]
    },
    {
      "width": 1654.0,
      "height": 2339.0,
      "items": [
        {
          "label": "Content",
          "confidence": 0.865834653377533,
          "xy_xy": [
            180.4248809814453,
            250.52410888671875,
            1453.7308349609375,
            1383.048095703125
          ]
        }
      ]
    }
  ]
}